question,answer
How can I reset may HP laptop,Turn off the computer. Disconnect all external devices. Turn on the computer and immediately press the F11 key repeatedly. The Choose an option screen opens. Click Troubleshoot. Click Reset this PC.
How do I update my HP printer's firmware,"Go to the HP website, navigate to the printer's product page, and download the latest firmware update. Then, run the firmware update tool and follow the on-screen instructions."
Is my HP laptop compatible with Windows 11,Check the system requirements for Windows 11 on the official Microsoft website and compare them with your laptop's specifications.
How do I check the warranty status of my HP product,"Visit the HP warranty check website, enter your product's serial number, and you will be provided with the warranty status."
Can I upgrade the RAM on my HP laptop,It depends on the specific model of your HP laptop. Refer to the user manual or HP's official website for details on RAM upgradeability for your model.
Why is my HP printer not connecting to Wi-Fi,"Ensure your printer is in range of the Wi-Fi signal, check if the Wi-Fi details are correctly entered, and restart both the printer and the router. If the issue persists, refer to the troubleshooting section in the printer's manual."
How do I scan a document with my HP printer,"Place the document on the scanner bed, open the HP printer software on your computer, select 'Scan', choose the type of scan you want, and then click 'Scan'."
Where can I find drivers for my HP device,"Visit the HP official website, navigate to the 'Support' section, and search for drivers using your product's model number."
How do I clean the printhead on my HP printer,"Open the HP printer software, navigate to 'Maintenance', and select 'Clean Printhead'. Follow the on-screen instructions."
Can I use third-party ink cartridges with my HP printer,"While third-party ink cartridges may be compatible, using them may void the printer's warranty and could affect print quality. It's recommended to use genuine HP ink cartridges."
